{"cameraMode":{"drawMode":0,"name":"Shaded","section":"Shading Mode"},"sceneLighting":true,"audioPlay":false,"sceneViewState":{"m_AlwaysRefresh":false,"showFog":true,"showSkybox":true,"showFlares":true,"showImageEffects":true,"showParticleSystems":true,"showVisualEffectGraphs":true,"m_FxEnabled":true},"in2DMode":false,"pivot":{"x":-3.3190701007843019,"y":-1.3449780941009522,"z":0.34967872500419619},"rotation":{"x":-0.17081855237483979,"y":0.6674506068229675,"z":-0.16110339760780335,"w":-0.7067655920982361},"size":3.574723243713379,"orthographic":false}